Difficulty,Problem Name,URL
Easy,Two Sum,https://leetcode.com/problems/two-sum/
Medium,Container With Most Water,https://leetcode.com/problems/container-with-most-water/
Easy,Roman to Integer,https://leetcode.com/problems/roman-to-integer/
Easy,Longest Common Prefix,https://leetcode.com/problems/longest-common-prefix/
Medium,3Sum,https://leetcode.com/problems/3sum/
Easy,Valid Parentheses,https://leetcode.com/problems/valid-parentheses/
Medium,Generate Parentheses,https://leetcode.com/problems/generate-parentheses/
Medium,Valid Sudoku,https://leetcode.com/problems/valid-sudoku/
Hard,Trapping Rain Water,https://leetcode.com/problems/trapping-rain-water/
Medium,Group Anagrams,https://leetcode.com/problems/group-anagrams/
Easy,Plus One,https://leetcode.com/problems/plus-one/
Easy,Symmetric Tree,https://leetcode.com/problems/symmetric-tree/
Easy,Best Time to Buy and Sell Stock,https://leetcode.com/problems/best-time-to-buy-and-sell-stock/
Easy,Valid Palindrome,https://leetcode.com/problems/valid-palindrome/
Medium,Longest Consecutive Sequence,https://leetcode.com/problems/longest-consecutive-sequence/
Medium,Evaluate Reverse Polish Notation,https://leetcode.com/problems/evaluate-reverse-polish-notation/
Medium,Min Stack,https://leetcode.com/problems/min-stack/
Medium,Two Sum II - Input Array Is Sorted,https://leetcode.com/problems/two-sum-ii-input-array-is-sorted/
Easy,Majority Element,https://leetcode.com/problems/majority-element/
Easy,Contains Duplicate,https://leetcode.com/problems/contains-duplicate/
Medium,Product of Array Except Self,https://leetcode.com/problems/product-of-array-except-self/
Easy,Valid Anagram,https://leetcode.com/problems/valid-anagram/
Easy,Move Zeroes,https://leetcode.com/problems/move-zeroes/
Medium,Top K Frequent Elements,https://leetcode.com/problems/top-k-frequent-elements/
Easy,Is Subsequence,https://leetcode.com/problems/is-subsequence/
Easy,Fizz Buzz,https://leetcode.com/problems/fizz-buzz/
Easy,Defanging an IP Address,https://leetcode.com/problems/defanging-an-ip-address/
Easy,Kids With the Greatest Number of Candies,https://leetcode.com/problems/kids-with-the-greatest-number-of-candies/
Easy,Shuffle the Array,https://leetcode.com/problems/shuffle-the-array/
Easy,Running Sum of 1d Array,https://leetcode.com/problems/running-sum-of-1d-array/
Easy,Number of Good Pairs,https://leetcode.com/problems/number-of-good-pairs/
Easy,Merge Strings Alternately,https://leetcode.com/problems/merge-strings-alternately/
Easy,Concatenation of Array,https://leetcode.com/problems/concatenation-of-array/
Easy,Find Closest Number to Zero,https://leetcode.com/problems/find-closest-number-to-zero/